nome.empresa,setores,patrimonio.liquido,lucro.liquido,atividades.operacionais,total.acoes,mil
ADVANCED DIGITAL HEALTH MEDICINA PREVENTIVA S.A.,Saúde / Serv.Méd.Hospit..Análises e Diagnósticos / Serv.Méd.Hospit..Análises e Diagnósticos,(17.283),(2.699),0,1.724.272,TRUE
AES TIETE ENERGIA SA,Utilidade Pública / Energia Elétrica / Energia Elétrica,1.466.649,97.452,344.262,1.489.623.772,TRUE
AFLUENTE TRANSMISSÃO DE ENERGIA ELÉTRICA S/A,Utilidade Pública / Energia Elétrica / Energia Elétrica,208.222,12.468,13.243,862.287,TRUE
ALEF S.A.,Outros / Outros / Outros,114.009,(103.674),(102.944),3,FALSE
ALFA HOLDINGS S.A.,Financeiro / Intermediários Financeiros / Bancos,975.533,17.400,(1.146),20.917.946,TRUE
ALGAR TELECOM S/A,Telecomunicações / Telecomunicações / Telecomunicações,1.626.672,219.879,427.710,81.911.749,TRUE
ALIANSCE SHOPPING CENTERS S.A.,Financeiro / Exploração de Imóveis / Exploração de Imóveis,2.646.744,69.802,179.911,101.072.936,TRUE
ALIANSCE SONAE SHOPPING CENTERS S.A.,Financeiro / Exploração de Imóveis / Exploração de Imóveis,3.939.428,98.876,111.279,100.529.456,TRUE
ALPARGATAS S.A.,Consumo Cíclico / Tecidos. Vestuário e Calçados / Calçados,2.528.955,72.565,313.622,198.398.386,TRUE
ALPER CONSULTORIA E CORRETORA DE SEGUROS S.A.,Financeiro / Previdência e Seguros / Corretoras de Seguros,97.602,4.475,6.244,5.576.892,TRUE
ALTERE SECURITIZADORA S.A.,Financeiro / Securitizadoras de Recebíveis / Securitizadoras de Recebíveis,63,17,12,36.218.984,TRUE
ALUPAR INVESTIMENTO S/A,Utilidade Pública / Energia Elétrica / Energia Elétrica,7.063.486,891.793,190.750,420.644.774,TRUE
AMBEV S.A.,Consumo não Cíclico / Bebidas / Cervejas e Refrigerantes,62.928.776,5.364.969,5.194.219,4.344.066.764,TRUE
AMPLA ENERGIA E SERVICOS S.A.,Utilidade Pública / Energia Elétrica / Energia Elétrica,3.550.902,50.073,(42.738),442.934,TRUE
ANDRADE GUTIERREZ PARTICIPACOES S.A.,Financeiro / Holdings Diversificadas / Holdings Diversificadas,(306.201),(34.283),11.588,1.292.396.406,TRUE
ANIMA HOLDING S.A.,Consumo Cíclico / Diversos / Serviços Educacionais,686.449,21.205,64.778,40.044.039,TRUE
AREZZO INDÚSTRIA E COMÉRCIO S.A.,Consumo Cíclico / Comércio / Tecidos. Vestuário e Calçados,678.848,63.709,84.103,44.066.233,TRUE
ATACADÃO S.A.,Consumo não Cíclico / Comércio e Distribuição / Alimentos,14.004.000,78.000,(2.666.000),384.888.219,TRUE
ATOM EMPREENDIMENTOS E PARTICIPAÇÕES S.A.,Outros / Outros / Outros,4.451,1.431,3.435,6.338.837,TRUE
AZEVEDO E TRAVASSOS S.A.,Bens Industriais / Construção e Engenharia / Construção Pesada,(101.375),(23.021),8.544,3.445.225,TRUE
AZUL S.A.,Bens Industriais / Transporte / Transporte Aéreo,(88.430),483.171,966.210,623.588.376,TRUE
B2W - COMPANHIA DIGITAL,Consumo Cíclico / Comércio / Produtos Diversos,3.257.816,(266.810),(374.424),168.886.962,TRUE
B3 S.A. - BRASIL. BOLSA. BALCÃO,Financeiro / Serviços Financeiros Diversos / Serviços Financeiros Diversos,25.346.178,1.260.667,(73.435),2.047.569.597,TRUE
BAHEMA EDUCAÇÃO S.A.,Consumo Cíclico / Diversos / Serviços Educacionais,53.855,(5.641),(2.407),452.905,TRUE
BANCO INTER S.A.,Financeiro / Intermediários Financeiros / Bancos,972.651,45.002,311.450,378.638.946,TRUE
BANESTES S.A. - BCO EST ESPIRITO SANTO,Financeiro / Intermediários Financeiros / Bancos,1.530.907,108.993,1.161.811,13.309.111,TRUE
BARDELLA S.A. INDUSTRIAS MECANICAS,Bens Industriais / Máquinas e Equipamentos / Máq. e Equip. Industriais,106.730,(95.862),(18.263),1.230.086,TRUE
BATTISTELLA ADM PARTICIPACOES S.A.,Financeiro / Holdings Diversificadas / Holdings Diversificadas,4.832,4.414,4.037,2.329.491,TRUE
BAUMER S.A.,Saúde / Equipamentos / Equipamentos,108.062,3.406,8.273,2.599.475,TRUE
BB SEGURIDADE PARTICIPAÇÕES S.A.,Financeiro / Previdência e Seguros / Seguradoras,7.119.372,2.092.151,840.499,671.601.167,TRUE
BBM LOGISTICA S.A.,Bens Industriais / Serviços / Serviços Diversos,102.511,1.679,20.706,0,TRUE
BCO ABC BRASIL S.A.,Financeiro / Intermediários Financeiros / Bancos,3.882.219,252.279,2.672.965,75.245.599,TRUE
BCO ALFA DE INVESTIMENTO S.A.,Financeiro / Intermediários Financeiros / Bancos,1.463.448,28.035,136.354,20.024.233,TRUE
BCO AMAZONIA S.A.,Financeiro / Intermediários Financeiros / Bancos,2.008.888,59.191,875.941,1.071.910,TRUE
BCO BRADESCO S.A.,Financeiro / Intermediários Financeiros / Bancos,133.636.476,11.862.521,(7.165.048),5.013.073.404,TRUE
BCO BRASIL S.A.,Financeiro / Intermediários Financeiros / Bancos,91.685.951,8.119.872,46.151.816,1.332.879.313,TRUE
BCO BTG PACTUAL S.A.,Financeiro / Intermediários Financeiros / Bancos,20.379.252,1.671.327,13.428.126,582.260.781,TRUE
BCO ESTADO DE SERGIPE S.A. - BANESE,Financeiro / Intermediários Financeiros / Bancos,364.551,41.360,100.569,1.548.736,TRUE
BCO ESTADO DO PARA S.A.,Financeiro / Intermediários Financeiros / Bancos,1.280.963,149.390,599.964,2.083,TRUE
BCO ESTADO DO RIO GRANDE DO SUL S.A.,Financeiro / Intermediários Financeiros / Bancos,7.518.309,655.348,386.995,206.997.365,TRUE
BCO INDUSVAL S.A.,Financeiro / Intermediários Financeiros / Bancos,318.706,(77.230),(459.719),4.587.338,TRUE
BCO MERCANTIL DE INVESTIMENTOS S.A.,Financeiro / Intermediários Financeiros / Bancos,119.372,251,26.431,409.047,TRUE
BCO MERCANTIL DO BRASIL S.A.,Financeiro / Intermediários Financeiros / Bancos,850.253,52.071,307.669,25.266.184,TRUE
BCO NORDESTE DO BRASIL S.A.,Financeiro / Intermediários Financeiros / Bancos,4.727.782,744.777,3.063.509,604.527,TRUE
BCO PAN S.A.,Financeiro / Intermediários Financeiros / Bancos,4.226.556,213.814,(12.292),189.246.811,TRUE
BCO PATAGONIA S.A.,Financeiro / Intermediários Financeiros / Bancos,2.322.738,466.959,(438.435),141.028.367,TRUE
BCO PINE S.A.,Financeiro / Intermediários Financeiros / Bancos,807.638,(70.640),(1.121.059),34.505.893,TRUE
BCO SANTANDER (BRASIL) S.A.,Financeiro / Intermediários Financeiros / Bancos,96.580.373,7.161.483,11.108.941,752.259.737,TRUE
BETA SECURITIZADORA S.A.,Financeiro / Securitizadoras de Recebíveis / Securitizadoras de Recebíveis,832,19,7,10.995.705,TRUE
BETAPART PARTICIPACOES S.A.,Outros / Outros / Outros,921,(95),(80),3,TRUE
BICICLETAS MONARK S.A.,Consumo Cíclico / Viagens e Lazer / Bicicletas,186.953,1.008,1.033,137.474,TRUE
BIOMM S.A.,Saúde / Medicamentos e Outros Produtos / Medicamentos e Outros Produtos,79.133,(28.737),(25.983),13.783.125,TRUE
BIOSEV S.A.,Consumo não Cíclico / Alimentos Processados / Açucar e Alcool,383.310,(168.894),(471.776),61.163.399,TRUE
BIOTOSCANA INVESTMENTS S.A.,Saúde / Medicamentos e Outros Produtos / Medicamentos e Outros Produtos,764.531.357,15.891.571,2.002.136,50.467.851,FALSE
BK BRASIL OPERAÇÃO E ASSESSORIA A RESTAURANTES SA,Consumo Cíclico / Hoteis e Restaurantes / Restaurante e Similares,1.764.909,1.784,25.847,225.793.788,TRUE
BNDES PARTICIPACOES S.A. - BNDESPAR,Financeiro / Serviços Financeiros Diversos / Gestão de Recursos e Investimentos,101.146.413,5.041.131,8.368.647,0,TRUE
BOMBRIL S.A.,Consumo não Cíclico / Produtos de Uso Pessoal e de Limpeza / Produtos de Limpeza,(265.638),(24.249),41.828,26.106.628,TRUE
BR MALLS PARTICIPACOES S.A.,Financeiro / Exploração de Imóveis / Exploração de Imóveis,11.527.918,616.209,397.016,840.057.819,TRUE
BR PROPERTIES S.A.,Financeiro / Exploração de Imóveis / Exploração de Imóveis,5.763.987,(110.813),129.885,117.801.430,TRUE
BRADESCO LEASING S.A. ARREND MERCANTIL,Financeiro / Intermediários Financeiros / Soc. Arrendamento Mercantil,3.449.840,113.391,(273.509),0,TRUE
BRADESPAR S.A.,Materiais Básicos / Mineração / Minerais Metálicos,9.553.065,(376.643),107.402,248.589.018,TRUE
BRASIL BROKERS PARTICIPACOES S.A.,Financeiro / Exploração de Imóveis / Intermediação Imobiliária,204.070,(14.617),(18.957),35.480.938,TRUE
BRASILAGRO - CIA BRAS DE PROP AGRICOLAS,Consumo não Cíclico / Agropecuária / Agricultura,888.380,140.076,(6.095),30.490.748,TRUE
BRASKEM S.A.,Materiais Básicos / Químicos / Petroquímicos,8.041.460,1.453.920,546.175,278.039.723,TRUE
BRAZIL REALTY CIA SECURIT. CRÉD. IMOBILIÁRIOS,Financeiro / Securitizadoras de Recebíveis / Securitizadoras de Recebíveis,(53.290),(129.205),(96.052),0,FALSE
BRAZILIAN FINANCE E REAL ESTATE S.A.,Financeiro / Serviços Financeiros Diversos / Gestão de Recursos e Investimentos,179.781,7.732,2.624,0,TRUE
BRAZILIAN SECURITIES CIA SECURITIZACAO,Financeiro / Securitizadoras de Recebíveis / Securitizadoras de Recebíveis,222.354,455,425,0,TRUE
BRB BCO DE BRASILIA S.A.,Financeiro / Intermediários Financeiros / Bancos,1.439.394,188.543,367.392,1.142.127,TRUE
BRC SECURITIZADORA S.A.,Financeiro / Securitizadoras de Recebíveis / Securitizadoras de Recebíveis,794.551,271.799,123.824,453.440,FALSE
BRF S.A.,Consumo não Cíclico / Alimentos Processados / Carnes e Derivados,7.444.886,(687.377),605.049,811.416.229,TRUE
BRPR 55 SECURITIZADORA CRED IMOB S.A.,Financeiro / Securitizadoras de Recebíveis / Securitizadoras de Recebíveis,36.103,(1.071),3.713,5.031.024,TRUE
BRPR 56 SECURITIZADORA CRED IMOB S.A.,Financeiro / Securitizadoras de Recebíveis / Securitizadoras de Recebíveis,9.394,6.193,33.583,340.063,TRUE
BRQ SOLUCOES EM INFORMATICA S.A.,Tecnologia da Informação / Programas e Serviços / Programas e Serviços,90.669,8.412,(526),30.515.875,TRUE
BV LEASING - ARRENDAMENTO MERCANTIL S.A.,Financeiro / Intermediários Financeiros / Soc. Arrendamento Mercantil,964.215,(14.298),(263.618),510.404,TRUE
CABINDA PARTICIPACOES S.A.,Outros / Outros / Outros,39,(41),(51),7.104.000,TRUE
CACHOEIRA PAULISTA TRANSMISSORA ENERGIA S.A.,Utilidade Pública / Energia Elétrica / Energia Elétrica,147.071,11.006,23.555,76.281.111,TRUE
CACONDE PARTICIPACOES S.A.,Outros / Outros / Outros,29,(41),(51),1.839.753,TRUE
CAMBUCI S.A.,Consumo Cíclico / Tecidos. Vestuário e Calçados / Calçados,41.480,7.896,(8.198),41.980.080,TRUE
CAMIL ALIMENTOS S.A.,Consumo não Cíclico / Alimentos Processados / Alimentos Diversos,2.238.772,49.794,100.186,151.919.527,TRUE
CAPITALPART PARTICIPACOES S.A.,Outros / Outros / Outros,193.632,(139.690),(5.950),933,FALSE
CCR S.A.,Bens Industriais / Transporte / Exploração de Rodovias,8.521.333,694.038,2.141.814,1.115.695.556,TRUE
CCX CARVÃO DA COLÔMBIA S.A.,Outros / Outros / Outros,(49.076),(3.369),(3.150),744.796,TRUE
CELULOSE IRANI S.A.,Materiais Básicos / Madeira e Papel / Papel e Celulose,305.009,(19.134),29.140,15.028.261,TRUE
CEMEPE INVESTIMENTOS S.A.,Outros / Outros / Outros,(5.525),(111),(90),35.693,TRUE
CEMIG DISTRIBUICAO S.A.,Utilidade Pública / Energia Elétrica / Energia Elétrica,6.209.525,1.567.167,604.413,0,TRUE
CEMIG GERACAO E TRANSMISSAO S.A.,Utilidade Pública / Energia Elétrica / Energia Elétrica,5.905.849,925.713,479.496,0,TRUE
CENTRAIS ELET BRAS S.A. - ELETROBRAS,Utilidade Pública / Energia Elétrica / Energia Elétrica,62.790.108,6.908.288,(1.176.219),495.771.527,TRUE
CENTRAIS ELET DE SANTA CATARINA S.A.,Utilidade Pública / Energia Elétrica / Energia Elétrica,1.926.266,119.124,193.149,29.107.626,TRUE
CENTRAIS ELET DO PARA S.A. - CELPA,Utilidade Pública / Energia Elétrica / Energia Elétrica,3.105.190,99.358,405.789,77.335.252,TRUE
CENTRO DE IMAGEM DIAGNOSTICOS S.A.,Saúde / Serv.Méd.Hospit..Análises e Diagnósticos / Serv.Méd.Hospit..Análises e Diagnósticos,1.307.509,23.293,97.793,46.475.090,TRUE
CESP - CIA ENERGETICA DE SAO PAULO,Utilidade Pública / Energia Elétrica / Energia Elétrica,6.944.187,(162.245),100.910,196.480.054,TRUE
CIA BRASILEIRA DE DISTRIBUICAO,Consumo não Cíclico / Comércio e Distribuição / Alimentos,10.728.000,598.000,(3.975.000),156.457.345,TRUE
CIA CATARINENSE DE AGUAS E SANEAM.-CASAN,Utilidade Pública / água e Saneamento / água e Saneamento,1.306.803,60.798,87.649,24.187,TRUE
CIA CELG DE PARTICIPACOES - CELGPAR,Utilidade Pública / Energia Elétrica / Energia Elétrica,(1.701.383),25.057,13.967,77.810,TRUE
CIA DISTRIB DE GAS DO RIO DE JANEIRO-CEG,Utilidade Pública / Gás / Gás,1.178.831,158.853,146.859,451.373,TRUE
CIA ELETRICIDADE EST. DA BAHIA - COELBA,Utilidade Pública / Energia Elétrica / Energia Elétrica,4.815.555,525.609,439.704,2.777.464,TRUE
CIA ENERGETICA DE BRASILIA,Utilidade Pública / Energia Elétrica / Energia Elétrica,602.989,52.105,185.631,2.854.274,TRUE
CIA ENERGETICA DE MINAS GERAIS - CEMIG,Utilidade Pública / Energia Elétrica / Energia Elétrica,18.860.292,2.912.225,1.083.269,1.208.699.885,TRUE
CIA ENERGETICA DE PERNAMBUCO - CELPE,Utilidade Pública / Energia Elétrica / Energia Elétrica,1.591.111,81.048,153.528,7.725.191,TRUE
CIA ENERGETICA DO CEARA - COELCE,Utilidade Pública / Energia Elétrica / Energia Elétrica,2.919.701,129.965,103.794,20.202.624,TRUE
CIA ENERGETICA DO MARANHAO - CEMAR,Utilidade Pública / Energia Elétrica / Energia Elétrica,2.921.513,297.040,489.596,57.285.795,TRUE
CIA ENERGETICA DO RIO GDE NORTE - COSERN,Utilidade Pública / Energia Elétrica / Energia Elétrica,931.570,123.003,184.473,1.902.903,TRUE
CIA ESTADUAL DE DISTRIB ENER ELET-CEEE-D,Utilidade Pública / Energia Elétrica / Energia Elétrica,(2.816.969),(464.528),19.926,3.298.838,TRUE
CIA ESTADUAL GER.TRANS.ENER.ELET-CEEE-GT,Utilidade Pública / Energia Elétrica / Energia Elétrica,2.582.793,175.882,121.791,3.298.838,TRUE
CIA FERRO LIGAS DA BAHIA - FERBASA,Materiais Básicos / Siderurgia e Metalurgia / Siderurgia,1.782.229,77.848,75.521,40.471.088,TRUE
CIA FIACAO TECIDOS CEDRO CACHOEIRA,Consumo Cíclico / Tecidos. Vestuário e Calçados / Fios e Tecidos,218.262,9.561,11.134,5.378.023,TRUE
CIA GAS DE SAO PAULO - COMGAS,Utilidade Pública / Gás / Gás,3.284.578,562.144,972.495,6.391.282,TRUE
CIA HABITASUL DE PARTICIPACOES,Financeiro / Exploração de Imóveis / Exploração de Imóveis,251.541,(38.553),(80.075),3.826.275,TRUE
CIA HERING,Consumo Cíclico / Tecidos. Vestuário e Calçados / Vestuário,1.375.136,87.368,135.718,125.486.566,TRUE
CIA INDUSTRIAL CATAGUASES,Consumo Cíclico / Tecidos. Vestuário e Calçados / Fios e Tecidos,112.982,(17.127),(2.691),44.287,TRUE
CIA LOCAÇÃO DAS AMÉRICAS,Consumo Cíclico / Diversos / Aluguel de carros,2.657.554,155.674,(878.386),72.709.385,TRUE
CIA MELHORAMENTOS DE SAO PAULO,Materiais Básicos / Madeira e Papel / Papel e Celulose,907.454,(12.764),7.598,755.311,TRUE
CIA PARANAENSE DE ENERGIA - COPEL,Utilidade Pública / Energia Elétrica / Energia Elétrica,17.181.691,852.903,1.385.338,188.626.777,TRUE
CIA PARTICIPACOES ALIANCA DA BAHIA,Financeiro / Holdings Diversificadas / Holdings Diversificadas,527.690,26.964,19.203,5.631.319,TRUE
CIA PAULISTA DE FORCA E LUZ,Utilidade Pública / Energia Elétrica / Energia Elétrica,1.888.680,376.319,673.548,0,TRUE
CIA PIRATININGA DE FORCA E LUZ,Utilidade Pública / Energia Elétrica / Energia Elétrica,635.619,118.839,501.609,0,TRUE
CIA SANEAMENTO BASICO EST SAO PAULO,Utilidade Pública / água e Saneamento / água e Saneamento,20.593.023,1.101.666,1.835.367,339.982.576,TRUE
CIA SANEAMENTO DE MINAS GERAIS-COPASA MG,Utilidade Pública / água e Saneamento / água e Saneamento,6.468.057,305.794,674.888,62.969.736,TRUE
CIA SANEAMENTO DO PARANA - SANEPAR,Utilidade Pública / água e Saneamento / água e Saneamento,5.781.189,450.073,667.100,402.820.597,TRUE
CIA SEGUROS ALIANCA DA BAHIA,Financeiro / Previdência e Seguros / Seguradoras,176.652,784,14.413,3.724.815,TRUE
CIA SIDERURGICA NACIONAL,Materiais Básicos / Siderurgia e Metalurgia / Siderurgia,12.368.948,1.981.225,1.924.557,642.387.288,TRUE
CIA TECIDOS NORTE DE MINAS COTEMINAS,Consumo Cíclico / Tecidos. Vestuário e Calçados / Fios e Tecidos,1.892.568,83.574,(28.030),15.290.147,TRUE
CIA TECIDOS SANTANENSE,Consumo Cíclico / Tecidos. Vestuário e Calçados / Fios e Tecidos,282.221,4.599,21.581,4.724.076,TRUE
CIBRASEC - COMPANHIA BRASILEIRA DE SECURITIZACAO,Financeiro / Securitizadoras de Recebíveis / Securitizadoras de Recebíveis,72.205,(2.256),5.028,41.649,TRUE
CIELO S.A.,Financeiro / Serviços Financeiros Diversos / Serviços Financeiros Diversos,9.132.032,979.684,(647.717),1.118.386.806,TRUE
CIMS S.A.,Outros / Outros / Outros,106.976,(109.042),(107.313),0,FALSE
CINESYSTEM S.A.,Consumo Cíclico / Mídia / Produção e Difusão de Filmes e Programas,40.290,(594),21.986,0,TRUE
CONC AUTO RAPOSO TAVARES S.A.,Bens Industriais / Transporte / Exploração de Rodovias,693.390,(60.478),29.627,2.616.389.044,TRUE
CONC DO AEROPORTO INTERNACIONAL DE GUARULHOS S.A.,Bens Industriais / Transporte / Serviços de Apoio e Armazenagem,(1.261.413),(342.622),535.431,3.033.541.675,TRUE
CONC ECOVIAS IMIGRANTES S.A.,Bens Industriais / Transporte / Exploração de Rodovias,596.800,159.757,284.449,0,TRUE
CONC RIO-TERESOPOLIS S.A.,Bens Industriais / Transporte / Exploração de Rodovias,138.628,22.797,75.948,86.466,TRUE
CONC ROD AYRTON SENNA E CARV PINTO S.A.-ECOPISTAS,Bens Industriais / Transporte / Exploração de Rodovias,580.960,5.255,94.187,0,TRUE
CONC ROD.OESTE SP VIAOESTE S.A,Bens Industriais / Transporte / Exploração de Rodovias,316.181,145.788,272.118,0,TRUE
CONC RODOVIAS DO TIETÊ S.A.,Bens Industriais / Transporte / Exploração de Rodovias,(79.165),(47.001),65.538,0,TRUE
CONC ROTA DAS BANDEIRAS S.A.,Bens Industriais / Transporte / Exploração de Rodovias,852.981,8.618,131.787,0,TRUE
CONC SIST ANHANG-BANDEIRANT S.A. AUTOBAN,Bens Industriais / Transporte / Exploração de Rodovias,638.263,342.163,578.706,0,TRUE
CONSERVAS ODERICH S.A.,Consumo não Cíclico / Alimentos Processados / Alimentos Diversos,188.881,14.074,29.498,197.952,TRUE
CONSORCIO ALFA DE ADMINISTRACAO S.A.,Financeiro / Previdência e Seguros / Seguradoras,1.717.271,32.665,31.971,15.132.392,TRUE
CONSTRUTORA ADOLPHO LINDENBERG S.A.,Consumo Cíclico / Construção Civil / Incorporações,15.049,(10.976),(9.429),51.644,TRUE
CONSTRUTORA TENDA S.A.,Consumo Cíclico / Construção Civil / Incorporações,1.252.379,123.437,91.265,99.197.204,TRUE
CORREA RIBEIRO S.A. COMERCIO E INDUSTRIA,Financeiro / Exploração de Imóveis / Exploração de Imóveis,(4.137),(1.274),(1.336),16.864,TRUE
COSAN LOGISTICA S.A.,Bens Industriais / Transporte / Transporte Ferroviário,8.038.370,211.390,1.341.259,125.570.897,TRUE
COSAN S.A.,Petróleo. Gás e Biocombustíveis / Petróleo. Gás e Biocombustíveis / Exploração. Refino e Distribuição,10.098.691,874.354,874.716,155.404.710,TRUE
CPFL ENERGIA S.A.,Utilidade Pública / Energia Elétrica / Energia Elétrica,17.301.036,1.144.031,2.837.861,170.209.781,TRUE
CPFL ENERGIAS RENOVÁVEIS S.A.,Utilidade Pública / Energia Elétrica / Energia Elétrica,4.411.895,(131.521),201.640,291.550,TRUE
CPFL GERACAO DE ENERGIA S.A.,Utilidade Pública / Energia Elétrica / Energia Elétrica,5.059.642,254.024,665.052,0,TRUE
CR2 EMPREENDIMENTOS IMOBILIARIOS S.A.,Consumo Cíclico / Construção Civil / Incorporações,160.435,(7.224),(1.622),2.003.649,TRUE
CSU CARDSYSTEM S.A.,Bens Industriais / Serviços / Serviços Diversos,245.935,9.133,42.868,16.724.754,TRUE
CTC - CENTRO DE TECNOLOGIA CANAVIEIRA S.A.,Consumo não Cíclico / Agropecuária / Agricultura,587.156,7.527,(15.234),158.271,TRUE
CTEEP - CIA TRANSMISSÃO ENERGIA ELÉTRICA PAULISTA,Utilidade Pública / Energia Elétrica / Energia Elétrica,12.164.827,820.072,693.063,422.881.944,TRUE
CVC BRASIL OPERADORA E AGÊNCIA DE VIAGENS S.A.,Consumo Cíclico / Viagens e Lazer / Viagens e Turismo,1.331.642,78.681,119.351,144.684.926,TRUE
CYRELA BRAZIL REALTY S.A.EMPREEND E PART,Consumo Cíclico / Construção Civil / Incorporações,5.680.594,203.692,256.885,263.583.096,TRUE
CYRELA COMMERCIAL PROPERT S.A. EMPR PART,Financeiro / Exploração de Imóveis / Exploração de Imóveis,1.766.987,18.068,104.286,26.284.954,TRUE
DIAGNOSTICOS DA AMERICA S.A.,Saúde / Serv.Méd.Hospit..Análises e Diagnósticos / Serv.Méd.Hospit..Análises e Diagnósticos,3.515.961,103.434,127.889,2.639.767,TRUE
DIBENS LEASING S.A. - ARREND.MERCANTIL,Financeiro / Intermediários Financeiros / Soc. Arrendamento Mercantil,4.968.511,159.936,10.631.799,0,TRUE
DIMED S.A. DISTRIBUIDORA DE MEDICAMENTOS,Saúde / Comércio e Distribuição / Medicamentos e Outros Produtos,481.821,32.334,20.588,1.445.915,TRUE
DIRECIONAL ENGENHARIA S.A.,Consumo Cíclico / Construção Civil / Incorporações,1.387.828,58.712,154.381,76.763.694,TRUE
DOHLER S.A.,Consumo Cíclico / Tecidos. Vestuário e Calçados / Fios e Tecidos,571.397,573,19.381,7.812.767,TRUE
DOMMO ENERGIA S.A.,Petróleo. Gás e Biocombustíveis / Petróleo. Gás e Biocombustíveis / Exploração. Refino e Distribuição,(378.799),(21.617),99.233,269.968.506,TRUE
DTCOM - DIRECT TO COMPANY S.A.,Bens Industriais / Serviços / Serviços Diversos,892,(5.625),7.938,185.908,TRUE
DURATEX S.A.,Materiais Básicos / Madeira e Papel / Madeira,4.728.964,93.276,151.800,273.493.230,TRUE
ECO SECURITIZADORA DIREITOS CRED AGRONEGÓCIO S.A.,Não Classificados / Não Classificado / Não Classificados,1.627,541,(774),0,TRUE
ECORODOVIAS CONCESSÕES E SERVIÇOS S.A.,Bens Industriais / Transporte / Exploração de Rodovias,1.368.655,246.400,524.377,0,TRUE
ECORODOVIAS INFRAESTRUTURA E LOGÍSTICA S.A.,Bens Industriais / Transporte / Exploração de Rodovias,787.268,146.949,555.454,171.079.276,TRUE
EDP - ENERGIAS DO BRASIL S.A.,Utilidade Pública / Energia Elétrica / Energia Elétrica,10.044.747,559.300,1.112.218,295.402.225,TRUE
EDP ESPIRITO SANTO DISTRIBUIÇÃO DE ENERGIA S.A.,Utilidade Pública / Energia Elétrica / Energia Elétrica,942.949,101.051,315.831,5.876.012,TRUE
EDP SÃO PAULO DISTRIBUIÇÃO DE ENERGIA S.A.,Utilidade Pública / Energia Elétrica / Energia Elétrica,1.182.199,104.963,330.996,39.091.735.037,TRUE
ELECTRO ACO ALTONA S.A.,Bens Industriais / Máquinas e Equipamentos / Máq. e Equip. Industriais,160.878,10.494,(11.319),22.500.000,TRUE
ELEKEIROZ S.A.,Materiais Básicos / Químicos / Petroquímicos,227.862,42.069,15.499,1.106.049,TRUE
ELEKTRO REDES S.A.,Utilidade Pública / Energia Elétrica / Energia Elétrica,2.436.803,189.964,189.055,623.844,TRUE
ELETROBRÁS PARTICIPAÇÕES S.A. - ELETROPAR,Utilidade Pública / Energia Elétrica / Energia Elétrica,169.607,(3.362),24.834,1.915.985,TRUE
ELETRON S.A.,Outros / Outros / Outros,1.224.736,34.320,(1.017),2,TRUE
ELETROPAULO METROP. ELET. SAO PAULO S.A.,Utilidade Pública / Energia Elétrica / Energia Elétrica,3.084.547,200.364,(86.262),8.133.352,TRUE
EMAE - EMPRESA METROP.AGUAS ENERGIA S.A.,Utilidade Pública / Energia Elétrica / Energia Elétrica,902.735,33.880,73.905,22.189.646,TRUE
EMBRAER S.A.,Bens Industriais / Material de Transporte / Material Aeronáutico e de Defesa,14.984.326,(122.021),(1.175.565),735.868.554,TRUE
EMPRESA CONC RODOV DO NORTE S.A.ECONORTE,Bens Industriais / Transporte / Exploração de Rodovias,(112.323),(6.890),17.141,18.928.597,TRUE
EMPRESA NAC COM REDITO PART S.A.ENCORPAR,Consumo Cíclico / Tecidos. Vestuário e Calçados / Fios e Tecidos,205.333,3.215,(1.157),337.760,TRUE
ENAUTA PARTICIPAÇÕES S.A.,Petróleo. Gás e Biocombustíveis / Petróleo. Gás e Biocombustíveis / Exploração. Refino e Distribuição,2.744.900,71.380,266.320,75.621.071,TRUE
ENERGISA MATO GROSSO DO SUL - DIST DE ENERGIA S.A.,Utilidade Pública / Energia Elétrica / Energia Elétrica,847.183,164.463,96.260,421,TRUE
ENERGISA MATO GROSSO-DISTRIBUIDORA DE ENERGIA S/A,Utilidade Pública / Energia Elétrica / Energia Elétrica,1.808.049,246.516,467.596,5.354.258,TRUE
ENERGISA S.A.,Utilidade Pública / Energia Elétrica / Energia Elétrica,6.284.978,119.914,1.075.777,1.250.895.290,TRUE
ENEVA S.A,Utilidade Pública / Energia Elétrica / Energia Elétrica,6.436.436,145.081,544.666,315.323.423,TRUE
ENGIE BRASIL ENERGIA S.A.,Utilidade Pública / Energia Elétrica / Energia Elétrica,7.194.673,950.858,1.680.026,254.813.401,TRUE
EQUATORIAL ENERGIA S.A.,Utilidade Pública / Energia Elétrica / Energia Elétrica,7.091.452,667.190,(760.304),198.202.097,TRUE
ESTACIO PARTICIPACOES S.A.,Consumo Cíclico / Diversos / Serviços Educacionais,3.033.730,435.570,428.048,299.667.897,TRUE
ETERNIT S.A.,Bens Industriais / Construção e Engenharia / Produtos para Construção,(42.749),(54.998),(24.805),29.585.948,TRUE
EUCATEX S.A. INDUSTRIA E COMERCIO,Materiais Básicos / Madeira e Papel / Madeira,1.288.247,25.584,105.032,68.615.887,TRUE
EVEN CONSTRUTORA E INCORPORADORA S.A.,Consumo Cíclico / Construção Civil / Incorporações,1.886.945,84.668,143.087,205.280.287,TRUE
EXCELSIOR ALIMENTOS S.A.,Consumo não Cíclico / Alimentos Processados / Carnes e Derivados,69.559,20.412,9.605,1.508.636,TRUE
EZ TEC EMPREEND. E PARTICIPACOES S.A.,Consumo Cíclico / Construção Civil / Incorporações,2.751.313,113.125,65.171,68.626.741,TRUE
FERREIRA GOMES ENERGIA S.A.,Utilidade Pública / Energia Elétrica / Energia Elétrica,870.245,(10.385),38.899,0,TRUE
FERROVIA CENTRO-ATLANTICA S.A.,Bens Industriais / Transporte / Transporte Ferroviário,5.002.277,(149.376),352.321,24,TRUE
FERTILIZANTES HERINGER S.A.,Materiais Básicos / Químicos / Fertilizantes e Defensivos,(732.408),(110.572),(49.075),15.626.962,TRUE
FINANCEIRA ALFA S.A.- CRED FINANC E INVS,Financeiro / Intermediários Financeiros / Soc. Crédito e Financiamento,923.271,30.047,(57.092),25.048.128,TRUE
FINANSINOS S.A.- CREDITO FINANC E INVEST,Financeiro / Intermediários Financeiros / Soc. Crédito e Financiamento,13.829,115,202,303.030,TRUE
FLEURY S.A.,Saúde / Serv.Méd.Hospit..Análises e Diagnósticos / Serv.Méd.Hospit..Análises e Diagnósticos,1.702.584,165.171,273.187,305.082.672,TRUE
FLEX GESTÃO DE RELACIONAMENTOS S.A.,Bens Industriais / Serviços / Serviços Diversos,67.716,(3.910),(11.438),0,TRUE
FRAS-LE S.A.,Bens Industriais / Material de Transporte / Material Rodoviário,814.282,25.449,33.199,102.565.350,TRUE
GAFISA S.A.,Consumo Cíclico / Construção Civil / Incorporações,575.353,(59.076),(9.972),67.798.040,TRUE
GAIA AGRO SECURITIZADORA S.A.,Financeiro / Securitizadoras de Recebíveis / Securitizadoras de Recebíveis,(12),(180),8,0,TRUE
GAIA SECURITIZADORA S.A.,Financeiro / Securitizadoras de Recebíveis / Securitizadoras de Recebíveis,794,87,0,0,TRUE
GAMA PARTICIPACOES S.A.,Outros / Outros / Outros,1.258,(73),(81),417,TRUE
GENERAL SHOPPING E OUTLETS DO BRASIL S.A.,Financeiro / Exploração de Imóveis / Exploração de Imóveis,7.532,(31.151),(29.114),67.506.100,TRUE
GERDAU S.A.,Materiais Básicos / Siderurgia e Metalurgia / Siderurgia,26.568.445,825.377,229.733,1.040.248.828,TRUE
GOL LINHAS AEREAS INTELIGENTES S.A.,Bens Industriais / Transporte / Transporte Aéreo,(6.997.512),(85.618),795.115,134.613.917,TRUE
GP INVESTMENTS. LTD.,Financeiro / Serviços Financeiros Diversos / Gestão de Recursos e Investimentos,2.536.572,246.967,(27.998),67.776.390,TRUE
GPC PARTICIPACOES S.A.,Materiais Básicos / Químicos / Petroquímicos,189.579,8.132,(18.927),6.267.569,TRUE
GRAZZIOTIN S.A.,Consumo Cíclico / Comércio / Tecidos. Vestuário e Calçados,519.373.475,20.338.805,10.139.428,11.049.599,FALSE
GRENDENE S.A.,Consumo Cíclico / Tecidos. Vestuário e Calçados / Calçados,3.430.816,118.042,336.071,270.820.595,TRUE
GRUPO SBF SA,Consumo Cíclico / Comércio / Produtos Diversos,953.235,107.686,(332.444),56.408.109,TRUE
GUARARAPES CONFECCOES S.A.,Consumo Cíclico / Comércio / Tecidos. Vestuário e Calçados,4.969.287,84.215,(270.565),86.115.120,TRUE
HAGA S.A. INDUSTRIA E COMERCIO,Bens Industriais / Construção e Engenharia / Produtos para Construção,(80.991.930),(2.981.175),677.181,9.013.373,FALSE
HAPVIDA PARTICIPACOES E INVESTIMENTOS SA,Saúde / Serv.Méd.Hospit..Análises e Diagnósticos / Serv.Méd.Hospit..Análises e Diagnósticos,3.929.183,428.803,375.446,146.032.921,TRUE
HELBOR EMPREENDIMENTOS S.A.,Consumo Cíclico / Construção Civil / Incorporações,1.120.446,(47.914),120.299,179.586.997,TRUE
HERCULES S.A. FABRICA DE TALHERES,Consumo Cíclico / Utilidades Domésticas / Utensílios Domésticos,(386.358),50,0,243.750,TRUE
HOTEIS OTHON S.A.,Consumo Cíclico / Hoteis e Restaurantes / Hotelaria,(258.683),(12.083),2.579,2.562.885,TRUE
HYPERA S.A.,Saúde / Comércio e Distribuição / Medicamentos e Outros Produtos,8.557.617,658.127,387.164,407.518.048,TRUE
IDEIASNET S.A.,Financeiro / Serviços Financeiros Diversos / Serviços Financeiros Diversos,15.080,2.160,(2.777),16.317.766,TRUE
IGB ELETRÔNICA S/A,Financeiro / Exploração de Imóveis / Exploração de Imóveis,(861.333),(22.097),514,6.048.759,TRUE
IGUA SANEAMENTO S.A.,Utilidade Pública / água e Saneamento / água e Saneamento,756.906,8.679,11.130,0,TRUE
IGUATEMI EMPRESA DE SHOPPING CENTERS S.A,Financeiro / Exploração de Imóveis / Exploração de Imóveis,2.872.547,115.565,196.289,86.913.923,TRUE
INDUSTRIAS J B DUARTE S.A.,Outros / Outros / Outros,14.496,16.629,251,4.161.639,TRUE
INDUSTRIAS ROMI S.A.,Bens Industriais / Máquinas e Equipamentos / Máq. e Equip. Industriais,748.548,82.953,(11.527),29.455.637,TRUE
INEPAR S.A. INDUSTRIA E CONSTRUCOES,Bens Industriais / Máquinas e Equipamentos / Máq. e Equip. Industriais,(1.619.895),(33.613),(3.184),0,TRUE
INNCORP S.A.,Outros / Outros / Outros,(167.916),(154.354),(3.909),0,FALSE
INSTITUTO HERMES PARDINI S.A.,Saúde / Serv.Méd.Hospit..Análises e Diagnósticos / Serv.Méd.Hospit..Análises e Diagnósticos,636.670,70.757,110.632,44.851.196,TRUE
INTER CONSTRUTORA E INCORPORADORA S.A.,Consumo Cíclico / Construção Civil / Incorporações,58.356.783,11.317.819,(24.494.879),0,FALSE
INTERNATIONAL MEAL COMPANY ALIMENTACAO S.A.,Consumo Cíclico / Hoteis e Restaurantes / Restaurante e Similares,912.500,(7.276),53.438,156.768.224,TRUE
INVESTIMENTOS BEMGE S.A.,Outros / Outros / Outros,224.159,4.133,0,42.570,TRUE
INVESTIMENTOS E PARTICIP. EM INFRA S.A. - INVEPAR,Bens Industriais / Transporte / Serviços de Apoio e Armazenagem,1.051.356,(740.355),674.251,214.585.684,TRUE
IOCHPE MAXION S.A.,Consumo Cíclico / Automóveis e Motocicletas / Automóveis e Motocicletas,3.330.064,211.116,36.663,139.973.015,TRUE
IRB - BRASIL RESSEGUROS S.A.,Financeiro / Previdência e Seguros / Seguradoras,3.982.188,738.851,1.207.884,310.415.298,TRUE
ITAPEBI GERACAO DE ENERGIA S.A.,Utilidade Pública / Energia Elétrica / Energia Elétrica,318.305,43.017,55.061,0,TRUE
ITAU UNIBANCO HOLDING S.A.,Financeiro / Intermediários Financeiros / Bancos,143.813.000,13.593.000,6.413,5.126.116.234,TRUE
ITAUSA INVESTIMENTOS ITAU S.A.,Financeiro / Intermediários Financeiros / Bancos,55.357.000,4.980.000,(80.000),5.555.380.740,TRUE
J. MACEDO S.A.,Consumo não Cíclico / Alimentos Processados / Alimentos Diversos,616.282,(7.006),(235.673),21.832.197,TRUE
JBS S.A.,Consumo não Cíclico / Alimentos Processados / Carnes e Derivados,31.118.771,3.497.383,4.296.421,1.620.646.499,TRUE
JEREISSATI PARTICIPACOES S.A.,Financeiro / Exploração de Imóveis / Exploração de Imóveis,2.903.266,101.241,205.478,34.873.611,TRUE
JHSF PARTICIPACOES S.A.,Consumo Cíclico / Construção Civil / Incorporações,2.280.376,21.878,(7.943),134.728.334,TRUE
JOAO FORTES ENGENHARIA S.A.,Consumo Cíclico / Construção Civil / Incorporações,260.839,(427.819),166.351,4.930.157,TRUE
JOSAPAR-JOAQUIM OLIVEIRA S.A. - PARTICIP,Consumo não Cíclico / Alimentos Processados / Alimentos Diversos,666.168,5.895,(137.991),2.125.174,TRUE
JSL S.A.,Bens Industriais / Transporte / Transporte Rodoviário,1.499.172,131.920,(721.943),55.040.438,TRUE
KARSTEN S.A.,Consumo Cíclico / Tecidos. Vestuário e Calçados / Fios e Tecidos,(307.127),(47.304),27.458,888.075,TRUE
KEPLER WEBER S.A.,Bens Industriais / Máquinas e Equipamentos / Máq. e Equip. Industriais,441.589,564,(184),26.293.632,TRUE
KLABIN S.A.,Materiais Básicos / Madeira e Papel / Papel e Celulose,6.203.440,(123.914),963.768,3.011.132.125,TRUE
KROTON EDUCACIONAL S.A.,Consumo Cíclico / Diversos / Serviços Educacionais,16.050.647,389.987,(108.040),1.498.404.420,TRUE
LIBRA TERMINAL RIO S.A.,Bens Industriais / Transporte / Serviços de Apoio e Armazenagem,(164.144),26.203,67.230,0,TRUE
LIGHT S.A.,Utilidade Pública / Energia Elétrica / Energia Elétrica,3.564.521,175.029,399.676,303.934.060,TRUE
LIGHT SERVICOS DE ELETRICIDADE S.A.,Utilidade Pública / Energia Elétrica / Energia Elétrica,2.411.587,(34.542),103.293,0,TRUE
LINX S.A.,Tecnologia da Informação / Programas e Serviços / Programas e Serviços,1.875.324,29.648,81.421,160.913.029,TRUE
LIQ PARTICIPAÇÕES S.A.,Bens Industriais / Serviços / Serviços Diversos,72.291,(169.021),(14.444),21.901.312,TRUE
LITEL PARTICIPACOES S.A.,Materiais Básicos / Mineração / Minerais Metálicos,31.300.951,(1.437.331),1.385,0,TRUE
LOCALIZA RENT A CAR S.A.,Consumo Cíclico / Diversos / Aluguel de carros,5.150.576,400.867,(1.125.777),560.843.706,TRUE
LOG COMMERCIAL PROPERTIES,Financeiro / Exploração de Imóveis / Exploração de Imóveis,2.287.570,29.526,35.101,47.750.725,TRUE
LOG-IN LOGISTICA INTERMODAL S.A.,Bens Industriais / Transporte / Transporte Hidroviário,(336.930),14.912,146.701,20.260.349,TRUE
LOJAS AMERICANAS S.A.,Consumo Cíclico / Comércio / Produtos Diversos,6.039.922,(43.462),(368.567),887.233.239,TRUE
LOJAS RENNER S.A.,Consumo Cíclico / Comércio / Tecidos. Vestuário e Calçados,4.112.250,396.744,507.101,781.384.541,TRUE
LONGDIS S.A.,Outros / Outros / Outros,(132.535),(136.350),(2.424),24.013,FALSE
LPS BRASIL - CONSULTORIA DE IMOVEIS S.A.,Financeiro / Exploração de Imóveis / Intermediação Imobiliária,32.208,(11.789),8.983,93.546.908,TRUE
LUPATECH S.A.,Petróleo. Gás e Biocombustíveis / Petróleo. Gás e Biocombustíveis / Equipamentos e Serviços,101.497,(32.711),(488),21.736.590,TRUE
M.DIAS BRANCO S.A. IND COM DE ALIMENTOS,Consumo não Cíclico / Alimentos Processados / Alimentos Diversos,5.670.178,157.553,432.649,84.751.852,TRUE
MAESTRO LOCADORA DE VEICULOS S.A.,Consumo Cíclico / Diversos / Aluguel de carros,49.433,691,(741),0,TRUE
MAGAZINE LUIZA S.A.,Consumo Cíclico / Comércio / Eletrodomésticos,3.110.946,518.730,231.726,554.184.304,TRUE
MAHLE-METAL LEVE S.A.,Consumo Cíclico / Automóveis e Motocicletas / Automóveis e Motocicletas,1.275.575,121.379,127.124,38.492.519,TRUE
MANGELS INDUSTRIAL S.A.,Materiais Básicos / Siderurgia e Metalurgia / Artefatos de Ferro e Aço,(356.711),7.414,6.988,2.532.157,TRUE
MANUFATURA DE BRINQUEDOS ESTRELA S.A.,Consumo Cíclico / Viagens e Lazer / Brinquedos e Jogos,(462.560),(24.899),6.823,553.100,TRUE
MARCOPOLO S.A.,Bens Industriais / Material de Transporte / Material Rodoviário,2.229.511,117.899,292.885,747.097.003,TRUE
MARFRIG GLOBAL FOODS S.A.,Consumo não Cíclico / Alimentos Processados / Carnes e Derivados,4.209.277,542.372,164.470,386.047.807,TRUE
MARISA LOJAS S.A.,Consumo Cíclico / Comércio / Tecidos. Vestuário e Calçados,905.227,(69.148),40.973,52.529.246,TRUE
MENDES JUNIOR ENGENHARIA S.A.,Bens Industriais / Construção e Engenharia / Construção Pesada,(10.862.575),(145.977),313,331.286,TRUE
MERCANTIL BRASIL FINANC S.A. C.F.I.,Financeiro / Intermediários Financeiros / Soc. Crédito e Financiamento,241.218,11.297,57.459,2.592.615,TRUE
METALFRIO SOLUTIONS S.A.,Bens Industriais / Máquinas e Equipamentos / Máq. e Equip. Industriais,108.222,34.010,10.132,1.895.139,TRUE
METALGRAFICA IGUACU S.A.,Materiais Básicos / Embalagens / Embalagens,19.822.010,(4.735.399),3.885.208,43.163,FALSE
METALURGICA GERDAU S.A.,Materiais Básicos / Siderurgia e Metalurgia / Siderurgia,26.380.817,807.473,193.300,667.958.182,TRUE
METALURGICA RIOSULENSE S.A.,Bens Industriais / Material de Transporte / Material Rodoviário,(12.254),7.665,5.707,139.898,TRUE
METISA METALURGICA TIMBOENSE S.A.,Bens Industriais / Máquinas e Equipamentos / Máq. e Equip. Construção e Agrícolas,235.232.587,8.222.364,15.232.528,3.304.003,FALSE
MGI - MINAS GERAIS PARTICIPAÇÕES S.A.,Outros / Outros / Outros,419.631,(19.270),18.338,0,TRUE
MILLS ESTRUTURAS E SERVIÇOS DE ENGENHARIA S.A.,Bens Industriais / Construção e Engenharia / Serviços Diversos,1.129.155,(22.870),46.214,114.647.292,TRUE
MINASMAQUINAS S.A.,Bens Industriais / Comércio / Material de Transporte,142.767,11.315,(15.732),5.482,TRUE
MINERVA S.A.,Consumo não Cíclico / Alimentos Processados / Carnes e Derivados,(390.322),(144.728),561.731,136.456.880,TRUE
MINUPAR PARTICIPACOES S.A.,Consumo não Cíclico / Alimentos Processados / Carnes e Derivados,(352.216),7.777,2.608,3.387.083,TRUE
MMX MINERACAO E METALICOS S.A.,Materiais Básicos / Mineração / Minerais Metálicos,(693.158),(80.347),687,2.762.888,TRUE
MONTEIRO ARANHA S.A.,Financeiro / Holdings Diversificadas / Holdings Diversificadas,1.066.074,28.239,(47.390),3.096.937,TRUE
MOVIDA PARTICIPACOES SA,Consumo Cíclico / Diversos / Aluguel de carros,1.701.417,83.464,(705.164),132.725.200,TRUE
MRS LOGISTICA S.A.,Bens Industriais / Transporte / Transporte Ferroviário,4.079.619,235.244,423.865,6.261.277,TRUE
MRV ENGENHARIA E PARTICIPACOES S.A.,Consumo Cíclico / Construção Civil / Incorporações,4.966.065,400.974,30.552,292.910.667,TRUE
MULTIPLAN - EMPREEND IMOBILIARIOS S.A.,Financeiro / Exploração de Imóveis / Exploração de Imóveis,5.488.442,205.968,410.567,270.279.854,TRUE
MUNDIAL S.A. - PRODUTOS DE CONSUMO,Consumo Cíclico / Tecidos. Vestuário e Calçados / Acessórios,(139.070),(4.321),13.124,1.666.331,TRUE
NADIR FIGUEIREDO IND E COM S.A.,Consumo Cíclico / Utilidades Domésticas / Utensílios Domésticos,420.740,21.616,22.974,440.406,TRUE
NATURA COSMETICOS S.A.,Consumo não Cíclico / Produtos de Uso Pessoal e de Limpeza / Produtos de Uso Pessoal,2.699.139,69.397,71.219,175.045.801,TRUE
NEOENERGIA S.A.,Utilidade Pública / Energia Elétrica / Energia Elétrica,18.284.890,1.049.787,1.134.247,239.251.040,TRUE
NORDON INDUSTRIAS METALURGICAS S.A.,Bens Industriais / Máquinas e Equipamentos / Máq. e Equip. Industriais,(139.789),(822),21,71.121,TRUE
NORTEC QUÍMICA S.A.,Saúde / Medicamentos e Outros Produtos / Medicamentos e Outros Produtos,127.795,5.597,3.305,0,TRUE
NOTRE DAME INTERMEDICA PARTICIPACOES SA,Saúde / Serv.Méd.Hospit..Análises e Diagnósticos / Serv.Méd.Hospit..Análises e Diagnósticos,2.551.877,192.488,316.076,364.914.616,TRUE
NUTRIPLANT INDUSTRIA E COMERCIO S.A.,Materiais Básicos / Químicos / Fertilizantes e Defensivos,(22.997),(1.371),(524),32.014,TRUE
OCTANTE SECURITIZADORA S.A.,Financeiro / Securitizadoras de Recebíveis / Securitizadoras de Recebíveis,345,54,(78),0,TRUE
ODONTOPREV S.A.,Saúde / Serv.Méd.Hospit..Análises e Diagnósticos / Serv.Méd.Hospit..Análises e Diagnósticos,1.071.465,160.549,203.068,263.707.679,TRUE
OI S.A.,Telecomunicações / Telecomunicações / Telecomunicações,25.859.489,(1.030.482),(253.148),5.952.358.824,TRUE
OMEGA GERAÇÃO S.A.,Utilidade Pública / Energia Elétrica / Energia Elétrica,1.971.728,(48.464),90.144,45.456.235,TRUE
OPPORTUNITY ENERGIA E PARTICIPACOES S.A.,Outros / Outros / Outros,21.741,(1.399),(96),23.880,TRUE
OSX BRASIL S.A.,Petróleo. Gás e Biocombustíveis / Petróleo. Gás e Biocombustíveis / Equipamentos e Serviços,(4.214.210),(199.962),86,1.062.294,TRUE
OURINVEST SECURITIZADORA SA,Não Classificados / Não Classificado / Não Classificados,1.683,691,622,826.755,TRUE
OURO FINO SAUDE ANIMAL PARTICIPACOES S.A.,Saúde / Medicamentos e Outros Produtos / Medicamentos e Outros Produtos,465.041,8.576,50.013,23.568.833,TRUE
OURO VERDE LOCACAO E SERVICO S.A.,Não Classificados / Não Classificado / Não Classificados,66.886,(44.550),78.126,371.975.418,TRUE
PANATLANTICA S.A.,Materiais Básicos / Siderurgia e Metalurgia / Artefatos de Ferro e Aço,425.358,11.559,44.192,832.841,TRUE
PARANA BCO S.A.,Financeiro / Intermediários Financeiros / Bancos,1.448.021,134.069,322.109,0,TRUE
PARANAPANEMA S.A.,Materiais Básicos / Siderurgia e Metalurgia / Artefatos de Cobre,690.033,63.885,33.699,41.349.361,TRUE
PATRIA CIA SECURITIZADORA DE CRED IMOB,Financeiro / Securitizadoras de Recebíveis / Securitizadoras de Recebíveis,23,(171),(178),0,TRUE
PBG S/A,Bens Industriais / Construção e Engenharia / Produtos para Construção,369.500,6.937,(40.067),73.786.991,TRUE
PDG COMPANHIA SECURITIZADORA,Financeiro / Securitizadoras de Recebíveis / Securitizadoras de Recebíveis,35.027,38,567,0,TRUE
PDG REALTY S.A. EMPREEND E PARTICIPACOES,Consumo Cíclico / Construção Civil / Incorporações,(4.503.035),(493.486),105.926,8.066.955,TRUE
PETRO RIO S.A.,Petróleo. Gás e Biocombustíveis / Petróleo. Gás e Biocombustíveis / Exploração. Refino e Distribuição,1.199.843,109.301,377.542,126.730.759,TRUE
PETROBRAS DISTRIBUIDORA S/A,Petróleo. Gás e Biocombustíveis / Petróleo. Gás e Biocombustíveis / Exploração. Refino e Distribuição,8.266.000,779.000,958.000,334.937.500,TRUE
PETROLEO BRASILEIRO S.A. PETROBRAS,Petróleo. Gás e Biocombustíveis / Petróleo. Gás e Biocombustíveis / Exploração. Refino e Distribuição,309.418.000,23.592.000,38.249.000,7.470.043.315,TRUE
PETTENATI S.A. INDUSTRIA TEXTIL,Consumo Cíclico / Tecidos. Vestuário e Calçados / Fios e Tecidos,240.264.504,22.616.880,22.533.362,31.950.788,FALSE
PLASCAR PARTICIPACOES INDUSTRIAIS S.A.,Consumo Cíclico / Automóveis e Motocicletas / Automóveis e Motocicletas,(167.991),(102.613),(23.745),4.970.927,TRUE
POLO CAPITAL SECURITIZADORA S.A,Financeiro / Securitizadoras de Recebíveis / Securitizadoras de Recebíveis,752,(48),(55),0,TRUE
POLPAR S.A.,Outros / Outros / Outros,31.922,403,372,0,TRUE
POMIFRUTAS S/A,Consumo não Cíclico / Agropecuária / Agricultura,(69.329),(765),(15),612.122,TRUE
PORTO SEGURO S.A.,Financeiro / Previdência e Seguros / Seguradoras,7.725.534,675.037,1.352.490,94.159.042,TRUE
PORTO SUDESTE V.M. S.A.,Bens Industriais / Transporte / Serviços de Apoio e Armazenagem,43.845,(167.520),(205.704),0,FALSE
POSITIVO TECNOLOGIA S.A.,Tecnologia da Informação / Computadores e Equipamentos / Computadores e Equipamentos,518.975,6.473,(18.538),24.312.498,TRUE
PPLA PARTICIPATIONS LTD.,Financeiro / Serviços Financeiros Diversos / Gestão de Recursos e Investimentos,150,(3.344),0,54.058.515,TRUE
PRATICA KLIMAQUIP INDUSTRIA E COMERCIO SA,Bens Industriais / Máquinas e Equipamentos / Máq. e Equip. Industriais,41.863,698,5.362,3.728.273,TRUE
PRINER SERVIÇOS INDUSTRIAIS S.A.,Bens Industriais / Serviços / Serviços Diversos,62.916,(2.491),15.164,0,TRUE
PRODUTORES ENERGET.DE MANSO S.A.- PROMAN,Utilidade Pública / Energia Elétrica / Energia Elétrica,1.100,0,1.582,45.000,TRUE
PROFARMA DISTRIB PROD FARMACEUTICOS S.A.,Saúde / Comércio e Distribuição / Medicamentos e Outros Produtos,984.326,(7.335),(10.819),87.499.778,TRUE
PROMPT PARTICIPACOES S.A.,Outros / Outros / Outros,43.122,(106.453),(104.867),6,FALSE
QUALICORP CONSULTORIA E CORRETORA DE SEGUROS S.A.,Saúde / Serv.Méd.Hospit..Análises e Diagnósticos / Serv.Méd.Hospit..Análises e Diagnósticos,2.378.408,206.982,459.067,223.809.099,TRUE
QUALITY SOFTWARE S.A.,Tecnologia da Informação / Programas e Serviços / Programas e Serviços,38.447.393,541.515,(1.633.170),861.605,FALSE
RAIA DROGASIL S.A.,Saúde / Comércio e Distribuição / Medicamentos e Outros Produtos,3.591.225,231.224,448.558,213.553.757,TRUE
RAIZEN ENERGIA S.A.,Consumo não Cíclico / Alimentos Processados / Açucar e Alcool,7.739.325,(99.370),(253.576),7.376.625.657,TRUE
RANDON S.A. IMPLEMENTOS E PARTICIPACOES,Bens Industriais / Material de Transporte / Material Rodoviário,2.145.674,149.022,135.191,197.578.201,TRUE
RB CAPITAL COMPANHIA DE SECURITIZAÇÃO,Financeiro / Securitizadoras de Recebíveis / Securitizadoras de Recebíveis,24.805,2.532,(409),1,TRUE
RB CAPITAL SECURITIZADORA S.A.,Financeiro / Securitizadoras de Recebíveis / Securitizadoras de Recebíveis,7.688,(10),2.509,0,TRUE
REAL AI PIC SEC DE CREDITOS IMOBILIARIO S.A.,Financeiro / Securitizadoras de Recebíveis / Securitizadoras de Recebíveis,2.080,2.009,26.731,0,TRUE
RECRUSUL S.A.,Bens Industriais / Material de Transporte / Material Rodoviário,(65.802),(2.049),(2.311),75.823.374,TRUE
REDE ENERGIA PARTICIPAÇÕES S.A.,Utilidade Pública / Energia Elétrica / Energia Elétrica,4.633.217,537.069,820.451,8.916.515,TRUE
REFINARIA DE PETROLEOS MANGUINHOS S.A.,Petróleo. Gás e Biocombustíveis / Petróleo. Gás e Biocombustíveis / Exploração. Refino e Distribuição,(2.619.851),(67.364),21.855,23.658.396,TRUE
RENOVA ENERGIA S.A.,Utilidade Pública / Energia Elétrica / Energia Elétrica,(685.314),(608.825),(10.468),12.943.352,TRUE
RESTOQUE COMÉRCIO E CONFECÇÕES DE ROUPAS S.A.,Consumo Cíclico / Comércio / Tecidos. Vestuário e Calçados,2.253.942,28.174,7.787,25.796.692,TRUE
RGE SUL DISTRIBUIDORA DE ENERGIA S.A.,Utilidade Pública / Energia Elétrica / Energia Elétrica,3.862.908,296.317,735.873,0,TRUE
RIO PARANAPANEMA ENERGIA S.A.,Utilidade Pública / Energia Elétrica / Energia Elétrica,1.799.806,164.080,403.533,3.597.286,TRUE
RNI NEGÓCIOS IMOBILIÁRIOS S.A.,Consumo Cíclico / Construção Civil / Incorporações,616.649,(8.669),21.417,15.066.029,TRUE
RODOVIAS DAS COLINAS S.A.,Bens Industriais / Transporte / Exploração de Rodovias,565.612,86.409,144.275,74.220.000,TRUE
ROSSI RESIDENCIAL S.A.,Consumo Cíclico / Construção Civil / Incorporações,(438.601),(190.105),13.186,12.915.712,TRUE
RUMO MALHA NORTE S.A.,Bens Industriais / Transporte / Transporte Ferroviário,3.474.940,439.903,798.495,1.189.412.363,TRUE
RUMO MALHA PAULISTA S.A.,Bens Industriais / Transporte / Transporte Ferroviário,(278.721),(48.229),311.492,0,TRUE
RUMO S.A.,Bens Industriais / Transporte / Transporte Ferroviário,8.034.522,213.802,1.343.421,1.053.753.059,TRUE
SALUS INFRAESTRUTURA PORTUARIA SA,Bens Industriais / Transporte / Serviços de Apoio e Armazenagem,(24.886),(24.391),(4.228),4.200,TRUE
SANESALTO SANEAMENTO S.A.,Utilidade Pública / água e Saneamento / água e Saneamento,(525),310,7.012,0,TRUE
SANSUY S.A. INDUSTRIA DE PLASTICOS,Materiais Básicos / Materiais Diversos / Materiais Diversos,(1.145.232),(91.499),7.437,192.910,TRUE
SANTHER FAB DE PAPEL STA THEREZINHA S.A.,Materiais Básicos / Madeira e Papel / Papel e Celulose,28.493,21.874,14.764,0,TRUE
SANTO ANTONIO ENERGIA S.A.,Utilidade Pública / Energia Elétrica / Energia Elétrica,3.748.670,(445.000),223.928,0,TRUE
SANTOS BRASIL PARTICIPACOES S.A.,Bens Industriais / Transporte / Serviços de Apoio e Armazenagem,1.342.811,(2.710),24.447,662.056.831,TRUE
SAO CARLOS EMPREEND E PARTICIPACOES S.A.,Financeiro / Exploração de Imóveis / Exploração de Imóveis,1.477.549,66.133,16.865,25.378.930,TRUE
SAO MARTINHO S.A.,Consumo não Cíclico / Alimentos Processados / Açucar e Alcool,3.518.535,91.463,140.770,147.017.773,TRUE
SAO PAULO TURISMO S.A.,Consumo Cíclico / Viagens e Lazer / Produção de Eventos e Shows,16.266,(23.937),(5.536),277.159,TRUE
SARAIVA LIVREIROS S.A. - EM RECUPERAÇÃO JUDICIAL,Consumo Cíclico / Comércio / Produtos Diversos,(14.597),(135.533),(19.126),18.649.595,TRUE
SCHULZ S.A.,Bens Industriais / Máquinas e Equipamentos / Motores . Compressores e Outros,579.374,45.128,48.491,49.597.453,TRUE
SER EDUCACIONAL S.A.,Consumo Cíclico / Diversos / Serviços Educacionais,1.326.080,115.098,19.212,54.338.507,TRUE
SIDERURGICA J. L. ALIPERTI S.A.,Consumo não Cíclico / Agropecuária / Agricultura,227.898,(1.488),3.266,9.166,TRUE
SINQIA S.A.,Tecnologia da Informação / Programas e Serviços / Programas e Serviços,88.658,(5.918),(12.250),8.875.888,TRUE
SLC AGRICOLA S.A.,Consumo não Cíclico / Agropecuária / Agricultura,3.080.439,323.333,(92.386),85.085.106,TRUE
SMARTFIT ESCOLA DE GINÁSTICA E DANÇA S.A.,Consumo Cíclico / Viagens e Lazer / Atividades Esportivas,1.171.831,(34.222),139.061,0,TRUE
SMILES FIDELIDADE S.A.,Consumo Cíclico / Diversos / Programas de Fidelização,1.011.870,297.632,551.457,58.842.428,TRUE
SONDOTECNICA ENGENHARIA SOLOS S.A.,Bens Industriais / Construção e Engenharia / Engenharia Consultiva,48.630,876,(816),884.008,TRUE
SPRINGER S.A.,Financeiro / Holdings Diversificadas / Holdings Diversificadas,38.946,(1.496),(1.134),317.644,TRUE
SPRINGS GLOBAL PARTICIPACOES S.A.,Consumo Cíclico / Tecidos. Vestuário e Calçados / Fios e Tecidos,1.452.108,133.532,(58.337),23.408.641,TRUE
STARA S.A. - INDÚSTRIA DE IMPLEMENTOS AGRÍCOLAS,Bens Industriais / Máquinas e Equipamentos / Máq. e Equip. Construção e Agrícolas,484.556,45.470,(18.420),31.484.081,TRUE
STATKRAFT ENERGIAS RENOVAVEIS S.A.,Utilidade Pública / Energia Elétrica / Energia Elétrica,1.274.868,46.922,90.425,0,TRUE
SUDESTE S.A.,Outros / Outros / Outros,37.285,(106.128),(105.140),3,FALSE
SUL 116 PARTICIPACOES S.A.,Outros / Outros / Outros,13.788,(1.225),(860),0,TRUE
SUL AMERICA S.A.,Financeiro / Previdência e Seguros / Seguradoras,6.773.826,483.833,294.748,836.228.310,TRUE
SUZANO HOLDING S.A.,Materiais Básicos / Madeira e Papel / Papel e Celulose,20.506.370,(530.506),3.164.467,0,TRUE
SUZANO S.A.,Materiais Básicos / Madeira e Papel / Papel e Celulose,20.429.480,(529.284),3.167.400,725.859.318,TRUE
T4F ENTRETENIMENTO S.A.,Consumo Cíclico / Viagens e Lazer / Produção de Eventos e Shows,290.510,(52.505),30.773,34.987.639,TRUE
TAURUS ARMAS S.A.,Bens Industriais / Máquinas e Equipamentos / Armas e Munições,(305.716),47.675,43.480,43.410.258,TRUE
TCP TERMINAL DE CONTEINERES DE PARANAGUA SA,Não Classificados / Não Classificado / Não Classificados,265.123,4.674,160.655,0,TRUE
TECHNOS S.A.,Consumo Cíclico / Tecidos. Vestuário e Calçados / Acessórios,420.060,(46.455),(1.662),63.134.967,TRUE
TECNISA S.A.,Consumo Cíclico / Construção Civil / Incorporações,636.162,(146.376),83.587,547.783.816,TRUE
TECNOSOLO ENGENHARIA S.A.,Bens Industriais / Construção e Engenharia / Engenharia Consultiva,365,(770),(1),80.233.505,TRUE
TEGMA GESTAO LOGISTICA S.A.,Bens Industriais / Transporte / Transporte Rodoviário,515.840,59.135,107.049,32.006.778,TRUE
TEKA-TECELAGEM KUEHNRICH S.A.,Consumo Cíclico / Tecidos. Vestuário e Calçados / Fios e Tecidos,(1.510.445),(75.226),5.631,0,TRUE
TEKNO S.A. - INDUSTRIA E COMERCIO,Materiais Básicos / Siderurgia e Metalurgia / Artefatos de Ferro e Aço,171.955,(1.420),(4.998),310.036,TRUE
TELEC BRASILEIRAS S.A. TELEBRAS,Telecomunicações / Telecomunicações / Telecomunicações,138.178,(230.818),(108.296),3.072.072,TRUE
TELEFÔNICA BRASIL S.A,Telecomunicações / Telecomunicações / Telecomunicações,69.666.124,2.761.647,8.022.907,444.452.657,TRUE
TERMELÉTRICA PERNAMBUCO III S.A.,Utilidade Pública / Energia Elétrica / Energia Elétrica,(238.471),(19.887),8.034,0,TRUE
TERMINAL GARAGEM MENEZES CORTES S.A.,Financeiro / Exploração de Imóveis / Exploração de Imóveis,114.007,480,(483),0,TRUE
TERMOPERNAMBUCO S.A.,Utilidade Pública / Energia Elétrica / Energia Elétrica,827.993,101.275,110.690,0,TRUE
TERRA SANTA AGRO S.A.,Consumo não Cíclico / Agropecuária / Agricultura,1.030.876,(8.739),111.471,7.289.479,TRUE
TEXTIL RENAUXVIEW S.A.,Consumo Cíclico / Tecidos. Vestuário e Calçados / Fios e Tecidos,(305.523),7.271,6.516,4.259.280,TRUE
TIM PARTICIPACOES S.A.,Telecomunicações / Telecomunicações / Telecomunicações,21.939.911,2.142.134,1.354.707,807.711.660,TRUE
TOTVS S.A.,Tecnologia da Informação / Programas e Serviços / Programas e Serviços,2.405.720,69.271,161.699,134.465.885,TRUE
TPI - TRIUNFO PARTICIP. E INVEST. S.A.,Bens Industriais / Transporte / Exploração de Rodovias,804.301,(164.828),125.489,74.079.297,TRUE
TRANSMISSORA ALIANÇA DE ENERGIA ELÉTRICA S.A.,Utilidade Pública / Energia Elétrica / Energia Elétrica,4.906.045,467.005,457.903,655.704.742,TRUE
TREVISA INVESTIMENTOS S.A.,Bens Industriais / Transporte / Transporte Hidroviário,110.258,5.137,12.321,1.569.600,TRUE
TRIÂNGULO DO SOL AUTO-ESTRADAS S.A.,Bens Industriais / Transporte / Exploração de Rodovias,326.323,86.488,143.150,610.000,TRUE
TRISUL S.A.,Consumo Cíclico / Construção Civil / Incorporações,666.276,57.958,2.892,40.017.939,TRUE
TRONOX PIGMENTOS DO BRASIL S.A.,Materiais Básicos / Químicos / Químicos Diversos,530.778,38.013,78.687,29.018.747,TRUE
TRUE SECURITIZADORA S.A.,Financeiro / Securitizadoras de Recebíveis / Securitizadoras de Recebíveis,2.348,1.868,1.913,0,TRUE
TUPY S.A.,Bens Industriais / Material de Transporte / Material Rodoviário,2.205.327,139.890,69.364,65.947.515,TRUE
ULTRAPAR PARTICIPACOES S.A.,Petróleo. Gás e Biocombustíveis / Petróleo. Gás e Biocombustíveis / Exploração. Refino e Distribuição,10.068.130,363.286,1.527.246,1.085.159.631,TRUE
UNICASA INDÚSTRIA DE MÓVEIS S.A.,Consumo Cíclico / Utilidades Domésticas / Móveis,178.292,7.026,14.285,28.074.138,TRUE
UNIDAS S.A.,Consumo Cíclico / Diversos / Aluguel de carros,1.333.466,86.689,(424.752),0,TRUE
UNIPAR CARBOCLORO S.A.,Materiais Básicos / Químicos / Químicos Diversos,1.453.417,56.603,168.072,59.097.731,TRUE
UPTICK PARTICIPACOES S.A.,Utilidade Pública / Energia Elétrica / Energia Elétrica,87.303,6.882,(334),0,TRUE
USINAS SID DE MINAS GERAIS S.A.-USIMINAS,Materiais Básicos / Siderurgia e Metalurgia / Siderurgia,15.917.202,247.524,298.707,674.719.826,TRUE
VALE S.A.,Materiais Básicos / Mineração / Minerais Metálicos,165.982.310,(6.964.487),19.824.377,3.147.743.563,TRUE
VALID SOLUÇÕES S.A.,Bens Industriais / Serviços / Serviços Diversos,1.103.928,21.038,69.162,68.845.943,TRUE
VERT COMPANHIA SECURITIZADORA,Financeiro / Securitizadoras de Recebíveis / Securitizadoras de Recebíveis,1.149,(116),(163),0,TRUE
VIA VAREJO S.A.,Consumo Cíclico / Comércio / Eletrodomésticos,1.850.000,(196.000),(2.539.000),1.147.404.383,TRUE
VIVER INCORPORADORA E CONSTRUTORA S.A.,Consumo Cíclico / Construção Civil / Incorporações,(12.568),(94.020),(14.057),46.317.035,TRUE
VULCABRAS/AZALEIA S.A.,Consumo Cíclico / Tecidos. Vestuário e Calçados / Calçados,997.967,56.187,149.559,74.685.291,TRUE
WEG S.A.,Bens Industriais / Máquinas e Equipamentos / Motores . Compressores e Outros,8.168.446,703.467,406.964,740.696.136,TRUE
WETZEL S.A.,Bens Industriais / Material de Transporte / Material Rodoviário,(190.336),(19.532),(1.655),0,TRUE
WHIRLPOOL S.A.,Consumo Cíclico / Utilidades Domésticas / Eletrodomésticos,2.551.517,536.254,126.850,28.701.029,TRUE
WILSON SONS LTD.,Bens Industriais / Transporte / Serviços de Apoio e Armazenagem,1.890.969,47.123,200.518,29.799.660,TRUE
WIZ SOLUÇÕES E CORRETAGEM DE SEGUROS S.A.,Financeiro / Previdência e Seguros / Corretoras de Seguros,194.894,110.655,128.358,76.791.625,TRUE
WLM PART. E COMÉRCIO DE MÁQUINAS E VEÍCULOS S.A.,Bens Industriais / Comércio / Material de Transporte,400.923,15.083,16.092,5.501.255,TRUE
524 PARTICIPACOES S.A.,Outros / Outros / Outros,88,(104),(100),910,TRUE
